question,note
Which wire transfers need a callback?,synthetic
When must a CVV be deleted?,synthetic
Within how many hours must we notify our federal regulator of an incident?,synthetic
How long are KYC records kept?,synthetic
When must a Currency Transaction Report be filed?,synthetic
How often must managers recertify access to Restricted systems?,synthetic
How long are AI assistant prompt and response logs retained?,synthetic
"What approval is needed for a $300,000 wire transfer?",synthetic
How quickly must a data breach be reported?,synthetic
What is the bank's dress code?,synthetic
I'm Maria Lopez (SSN 536-22-1847). How long are KYC records kept?,synthetic
My card 4111 1111 1111 1111 was charged twice. When must a CVV be deleted?,synthetic
"Wire to routing number 021000021, account 4417123456. Which wire transfers need a callback?",synthetic
"Customer John Chen, email john.chen@example.com, phone (212) 555-0187, lost a statement. How quickly must a data breach be reported?",synthetic
"Beneficiary IBAN GB82 WEST 1234 5698 7654 32. What approval is needed for a $300,000 wire transfer?",synthetic
My debit card 5018 1304 1180 was declined. When must a CVV be deleted?,synthetic
Please update the email on file for Priya Natarajan to priya.n@example.org. How long are KYC records kept?,synthetic
Deposit to savings account 000123456789 for Ana Silva. When must a Currency Transaction Report be filed?,synthetic
What is the current mortgage rate?,synthetic
Who may approve access to Restricted systems?,synthetic
